<?xml version="1.0" encoding="UTF-8"?>
<project-private xmlns="http://www.netbeans.org/ns/project-private/1">
    <editor-bookmarks xmlns="http://www.netbeans.org/ns/editor-bookmarks/2" lastBookmarkId="0"/>
    <open-files xmlns="http://www.netbeans.org/ns/projectui-open-files/2">
        <group>
            <file>file:/D:/2020-2021/Projects/Jaykumar%20Mane/EHR/EHRServer/src/java/services/GetPatientHistory.java</file>
            <file>file:/D:/2020-2021/Projects/Jaykumar%20Mane/EHR/EHRServer/src/java/action/Login.java</file>
            <file>file:/D:/2020-2021/Projects/Jaykumar%20Mane/EHR/EHRServer/src/java/services/MyAppointments.java</file>
            <file>file:/D:/2020-2021/Projects/Jaykumar%20Mane/EHR/EHRServer/src/java/services/BookMyAppointment.java</file>
            <file>file:/D:/2020-2021/Projects/Jaykumar%20Mane/EHR/EHRServer/web/view_doctors.jsp</file>
            <file>file:/D:/2020-2021/Projects/Jaykumar%20Mane/EHR/EHRServer/src/java/services/MyMedicines.java</file>
            <file>file:/D:/2020-2021/Projects/Jaykumar%20Mane/EHR/EHRServer/web/admin_home.jsp</file>
            <file>file:/D:/2020-2021/Projects/Jaykumar%20Mane/EHR/EHRServer/src/java/services/GetPatientInfo.java</file>
            <file>file:/D:/2020-2021/Projects/Jaykumar%20Mane/EHR/EHRServer/web/view_patients.jsp</file>
            <file>file:/D:/2020-2021/Projects/Jaykumar%20Mane/EHR/EHRServer/web/lab_home.jsp</file>
            <file>file:/D:/2020-2021/Projects/Jaykumar%20Mane/EHR/EHRServer/web/view_appointments.jsp</file>
            <file>file:/D:/2020-2021/Projects/Jaykumar%20Mane/EHR/EHRServer/src/java/pack/DbConnection.java</file>
            <file>file:/D:/2020-2021/Projects/Jaykumar%20Mane/EHR/EHRServer/web/view_patients_lab.jsp</file>
        </group>
    </open-files>
</project-private>
